{"flutter":{"platforms":{"android":{"default":{"projectId":"chat-app-24dca","appId":"1:476626016703:android:ed31e1715efa9623aee90a","fileOutput":"android/app/google-services.json"}},"ios":{"default":{"projectId":"chat-app-24dca","appId":"1:476626016703:ios:be712e9159288052aee90a","uploadDebugSymbols":false,"fileOutput":"ios/Runner/GoogleService-Info.plist"}},"dart":{"lib/firebase_options.dart":{"projectId":"chat-app-24dca","configurations":{"android":"1:476626016703:android:ed31e1715efa9623aee90a","ios":"1:476626016703:ios:be712e9159288052aee90a","web":"1:476626016703:web:1097ff53cdf15cc3aee90a"}}}}}}